Page,Number,Date,Post Text,Media Type,Likes,Comments,Shares,Media Link
Carl Blue Clemson,339,5d ‚Ä¢ 5 days ago,https://lnkd.in/eJrSCYAX,Image,5,0,1 repost,None
Carl Blue Clemson,339,5d ‚Ä¢ 5 days ago,Clemson Tigers on the campus of University of Colorado - BoulderGraphic Communications students 2025,Image,43,0,4 reposts,None
Carl Blue Clemson,339,5d ‚Ä¢ Edited ‚Ä¢ 5 days ago,"Clemson‚Äôs GC TAGA-CI Students WIN Recognition, Best Journal Design, and Best Technical Paper Publication Categories @TAGA NextGen Conference 2025, Boulder, CO",Image,34,3 comments,6 reposts,None
Carl Blue Clemson,339,1w ‚Ä¢ Edited ‚Ä¢ 1 week ago,"Great appreciation to Clemson‚Äôs Creative Inquiry program and PGSF provided the funding resources to travel and compete at the TAGA25 NextGen Conference in Boulder, CO for our GC student TAGA organization.",Image,18,0,2 reposts,None
Carl Blue Clemson,339,1w ‚Ä¢ 1 week ago,,Article,4,1 comment,0,https://news.clemson.edu/exploring-ais-role-in-graphic-communications/
Carl Blue Clemson,339,1mo ‚Ä¢ 1 month ago,"https://lnkd.in/dBriuNUfHeading to the TAGA 2025 in Boulder, CO 3/25-3/28",Article,13,1 comment,1 repost,https://taga.org/conference
Carl Blue Clemson,339,1mo ‚Ä¢ Edited ‚Ä¢ 1 month ago,https://lnkd.in/e643jcu6Your feedback on this survey is greatly encouraged‚Äîit takes less than 10 minutes. Technical Writing Initiative in Graphic Communications 2025Participation in taking this survey will assist in developing curriculum and instructional materials that will enhance students' learning of technical writing and provide instructors in the Graphic Communications discipline with valuable resources. This research aims to develop a concise supplemental Technical Writing resource for Graphic Communications majors and instructors (and beyond) based on assembled competencies derived through a study of responses from academics and industry professionals.,Unknown,1,0,2 reposts,None
Carl Blue Clemson,339,1mo ‚Ä¢ Edited ‚Ä¢ 1 month ago,"üíúüß° Support the Future of Graphic Communications at Clemson! üß°üíúhttps://lnkd.in/edK8rpaZThe Department of Graphic Communications at Clemson University is shaping the next generation of industry leaders, equipping students with hands-on experience, cutting-edge technology, and real-world industry exposure.Your support makes a direct impact‚Äîfunding student academic achievement, industry exploration, and career-building opportunities that set them up for success.Join us in investing in the future of graphic communications! Every contribution helps students gain the skills and connections they need to thrive in this ever-evolving field.",Image,39,0,6 reposts,None
Carl Blue Clemson,339,2mo ‚Ä¢ 2 months ago,"PROMPTS: A.I. SHOW 2.0In welcoming the return of GC Majors and celebrating 2025, I am presenting my second A.I. Show 2.0 in the lobby of Godfrey Hall. My exhibition examines the relationship between tradition and innovation, exploring the theme, ""The value of an idea lies not in its originality but in its execution."" The collection features works that bridge traditional techniques‚Äîsuch as acrylic painting‚Äîwith contemporary approaches like AI-generated imagery, demonstrating how the execution of an idea imbues it with meaning and resonance.From expressive self-portraits in acrylic to dynamic woodcut-inspired digital designs, the show invites viewers to consider the transformation of artistic concepts through diverse mediums. The interplay of natural phenomena, personal identity, and advanced technology offers a critical dialogue on the evolving role of execution in artmaking.Event Details:Location: Godfrey Hall lobby, Clemson UniversityDates: 1/21/2025 ‚Äì 2/28/2025This exhibit offers a compelling exploration of how artistic practices adapt, evolve, and redefine the boundaries of creative expression.",Unknown,17,0,2 reposts,None
Carl Blue Clemson,339,2mo ‚Ä¢ 2 months ago,"Spring 2025 - Day One:  1st Lab, our GC 2070 students are tasked to a hands-on and eyes-on color match of Clemson‚Äôs brand spot colors by visually mixing transparent CMYK inks to match the proof. This fun exercise is intended as a foundational introduction to Color Theory.",Image,72,1 comment,4 reposts,None
Carl Blue Clemson,339,2mo ‚Ä¢ Edited ‚Ä¢ 2 months ago,"The report says that while you may lose whatever job you have now, nearly 70 percent of companies intend to hire employees with experience in designing AI tools.",Article,1,0,0,https://www.vice.com/en/article/ai-is-set-to-replace-41-of-jobs-in-the-next-five-years/
Carl Blue Clemson,339,2mo ‚Ä¢ 3 months ago,Dr. Amanda Bridges and myself presented our research today at Clemson Teaching Excellence Conference 2025 hosted by the  Office of Teaching Effectiveness and Innovation (OTEI). Action Research (and Ai) as a Tool for Pedagogical Excellence.,Image,51,3 comments,1 repost,None
Carl Blue Clemson,339,4mo ‚Ä¢ Edited ‚Ä¢ 4 months ago,Sana Kahn has successfully defended her research project in developing a prototype for a lab scheduling system for her Master‚Äôs of Science in Graphic Communications today (11/18/2024).  Please congratulate her success!,Image,43,3 comments,2 reposts,None
Carl Blue Clemson,339,5mo ‚Ä¢ 5 months ago,https://lnkd.in/e3XmftfJ,Image,55,9 comments,2 reposts,None
Carl Blue Clemson,339,5mo ‚Ä¢ 6 months ago,This is fun! They are the best.,Shared Post,30,2 comments,2 reposts,None
Carl Blue Clemson,339,5mo ‚Ä¢ Edited ‚Ä¢ 6 months ago,"We have rescheduled our Fall Intern Employer Day for Clemson Graphic Communications to Thurs., Oct 24. If you were previously unable to make Oct 1 work, now you have a second chance to join us for this exclusive career fair and networking event. What better way to engage with the future leaders of our industry?https://lnkd.in/gdsqzvxp",Unknown,13,0,3 reposts,None
Carl Blue Clemson,339,6mo ‚Ä¢ 6 months ago,https://lnkd.in/eJ7SYzvQ,Image,34,0,0,None
Carl Blue Clemson,339,6mo ‚Ä¢ 6 months ago,Tis the season‚Ä¶ Homecoming 2024,Image,36,0,0,None
Carl Blue Clemson,339,6mo ‚Ä¢ 7 months ago,,Image,9,2 comments,0,None
Carl Blue Clemson,339,6mo ‚Ä¢ 7 months ago,"Our Fall Intern Employer Day is right around the corner! Join us on Clemson's campus on Tuesday, Oct 1, for a career fair exclusive to Graphic Communications students.",Image,14,1 comment,0,None
Carl Blue Clemson,339,7mo ‚Ä¢ 7 months ago,,Article,7,0,0,https://nam12.safelinks.protection.outlook.com/?url=https%3A%2F%2Fced.ncsu.edu%2Fnews%2F2024%2F08%2F29%2Fwhyichoseeducation-i-enjoy-seeing-the-shy-or-unsure-student-come-in-and-become-more-confident-says-carl-blue-06edd%2F&data=05%7C02%7Ccnblue%40clemson.edu%7C27d5cbdbcd6a452ca38608dcc85bff2a%7C0c9bf8f6ccad4b87818d49026938aa97%7C0%7C0%7C638605544663963658%7CUnknown%7CTWFpbGZsb3d8eyJWIjoiMC4wLjAwMDAiLCJQIjoiV2luMzIiLCJBTiI6Ik1haWwiLCJXVCI6Mn0%3D%7C0%7C%7C%7C&sdata=%2BagTBDPK0FxGZzKAtZ0KTby3nMuKOYxLUEMGyZVovPg%3D&reserved=0
Carl Blue Clemson,339,7mo ‚Ä¢ 7 months ago,TAGA Needs You: Fall 2024 / Spring 2025! GC students will participate in developing a printed book outlining our great program and compete with other GC programs across the nation. Participating students will travel to the 2025 TAGA Conference. Join now. Contact me for more information: cnblue@clemson.edu,Image,13,0,0,None
Carl Blue Clemson,339,7mo ‚Ä¢ 8 months ago,https://lnkd.in/eMEsaN5t,Article,2,0,0,https://www.linkedin.com/newsletters/cyber-security-hub-newsletter-7169505470506872833
Carl Blue Clemson,339,8mo ‚Ä¢ Edited ‚Ä¢ 9 months ago,Just completed a beneficial six-week bootcamp with the Brook T. Smith Launchpad at Clemson University‚Äôs Entrepreneurship Hub.,Image,32,4 comments,1 repost,None
Carl Blue Clemson,339,10mo ‚Ä¢ 11 months ago,Congratulations Spring Class of 2024,Image,30,0,0,None
Carl Blue Clemson,339,10mo ‚Ä¢ 11 months ago,"Our GC undergraduate students must participate in two paid internships in their academic journey toward graduation and gainful employment. At times, it is challenging to land a summer and a semester full-time internship, but it is a rewarding experience, with most being hired into gainful employment in business and industry upon graduation.",Unknown,3,0,0,None
Carl Blue Clemson,339,11mo ‚Ä¢ 11 months ago,"NSF has launched a new research funding opportunity in partnership with BASF , Dow , IBM , PepsiCo and Procter & Gamble seeking to accelerate the discovery and manufacture of superior and sustainable polymers to enhance national competitiveness and tackle global challenges such as plastic waste. Sustainable Polymers Enabled by Emerging Data Analytics (SPEED) is part of NSF's Molecular Foundations for Sustainability program. SPEED is one of several NSF efforts to advance fundamental research in sustainable chemistry, a national priority highlighted in the ""CHIPS and Science Act of 2022"" which called on NSF to support sustainable chemistry research and education by fostering collaborative research and development partnerships among universities, industry and other organizations. ""Synthetic polymers are in many products and materials used by our society, from concrete and plastics to paper and rubber,"" says David Berkowitz, director of the NSF Division of Chemistry. ""Melding frontier chemistry with advanced data science tools to design and commercialize new high-value polymers can reduce pollution and waste ‚Äî and ultimately enhance the health of our planet and the resiliency of our communities."" Learn more: https://bit.ly/3wgExw0üì∑: Adobe Stock/generated with AI",Shared Post,250,4 comments,39 reposts,None
Carl Blue Clemson,339,11mo ‚Ä¢ 1 year ago,"‚ÄúWith new high-speed scanners and a dedicated team of digitization staff, this new center is a game changer for the National Archives,‚Äù said Archivist of the United States Dr. Colleen Shogan. The National Archives and Records Administration launched a state-of-the-art digitization center in College Park, Maryland, enabling faster access to the country's most important historical federal government records. Archivist of the United States Dr. Colleen Shogan, Rep. Steny Hoyer), Sen. Chris Van Hollen),¬† and Rep. Glenn Ivey took part in a ribbon-cutting ceremony April 12, 2024. High-speed scanners and overhead camera systems that can handle a range of records and formats are among the equipment in the new facility. The National Archives will be able to digitize up to ten times as many records annually with the use of this technology. The public will have access to millions more records due to these upgrades. The agency‚Äôs goal of making access happen to federal records is dependent on our ability to expedite the digitization of our more than 13 billion documents. Learn more on the National Archives News: https://lnkd.in/gnhQEhp5",Shared Post,549,7 comments,52 reposts,None
Carl Blue Clemson,339,11mo ‚Ä¢ 1 year ago,Check out this job at Clemson University: Department Chair - FNPS,Unknown,10,0,2 reposts,None
Carl Blue Clemson,339,1yr ‚Ä¢ 1 year ago,"CIHE Pedagogic Research ConferenceThe Centre for Innovation in Higher Education is pleased toannounce a national Pedagogic Research Conference onthe theme of Moving into Pedagogic Research, which will takeplace on ARU‚Äôs Cambridge Campus on Thursday, 11 July 2024.We welcome PGRs, newer career researchers,experienced pedagogic researchers and ProfessionalServices colleagues.https://lnkd.in/eKyh3vGN",Article,5,0,1 repost,https://store.anglia.ac.uk/conferences-and-events/conferences-events/conference-events/cihe-pedagogic-research-conference
Carl Blue Clemson,339,1yr ‚Ä¢ 1 year ago,Good documentary on A.I.,Article,,0,1 repost,https://youtu.be/-sB12gk9ESA?si=sX3MsfYcupH4QtbI
Carl Blue Clemson,339,1yr ‚Ä¢ 1 year ago,"AI replacing jobs isn't a theoretical idea, new research suggests, but something that is happening ‚Äî right now.https://lnkd.in/e_VqZNBQ",Shared Post,5,0,2 reposts,None
Carl Blue Clemson,339,1yr ‚Ä¢ 1 year ago,"Presenting today in Dallas, TX @TAGA - COLOR Co-Conferences on Research on Students‚Äô Post Internship Experiences and Workforce Collaboration with Industry",Unknown,14,3 comments,0,None
Carl Blue Clemson,339,1yr ‚Ä¢ 1 year ago,Welcome and let‚Äôs begin‚Ä¶,Image,13,0,1 repost,None
Carl Blue Clemson,339,1yr ‚Ä¢ Edited ‚Ä¢ 1 year ago,"Conference Day!INTED 2024- International Technology, Education and Development Conference in Valencia, Spain",Image,5,4 comments,0,None
Carl Blue Clemson,339,1yr ‚Ä¢ 1 year ago,Presenting at TAGA 2024 in Dallas,Image,21,1 comment,0,None
Carl Blue Clemson,339,1yr ‚Ä¢ 1 year ago,The importance and value of internships is highlighted in this article.,Unknown,5,0,1 repost,None
Carl Blue Clemson,339,1yr ‚Ä¢ 1 year ago,Get up to speed on the rapidly evolving world of AI with our roundup of the week's developments.,Shared Post,1,0,2 reposts,None
Carl Blue Clemson,339,1yr ‚Ä¢ 1 year ago,,Article,8,0,2 reposts,https://www.higheredjobs.com/faculty/details.cfm?JobCode=178687700
Carl Blue Clemson,339,1yr ‚Ä¢ 1 year ago,"Spring 2024, GC2070 Foundations 2 labs begin their four-color Nano Printing projects.",Image,35,3 comments,0,None
Carl Blue Clemson,339,1yr ‚Ä¢ 1 year ago,Arizona State University Joins ChatGPT in First Higher Ed Partnership hashtag#HigherEd https://bit.ly/3OaEtU7,Shared Post,61,2 comments,17 reposts,None
Carl Blue Clemson,339,1yr ‚Ä¢ Edited ‚Ä¢ 1 year ago,"Presenting today at the iCERi 2023 Conference in Seville, Spain on my research using a Delphi study of Industry and Academic professionals to determine best practices and competencies for Technical Writing in Graphic Communications discipline.",Image,22,1 comment,2 reposts,None
Carl Blue Clemson,339,1yr ‚Ä¢ 1 year ago,Awesome day at PRINTING United Alliance Expo 2023 in Atlanta reconnecting with colleagues. Adriane Burkland Harrison and Alexandra Pano,Image,35,3 comments,1 repost,None
Carl Blue Clemson,339,1yr ‚Ä¢ 1 year ago,"Every year, Clemson University‚Äôs Graphic Communications department welcomes back its cherished alumni and their families to Godfrey Hall, showcasing the latest innovations in the field while rekindling old friendships. As part of the Homecoming festivities, the department produces awe-inspiring banners that adorn the front of Godfrey Hall, embodying the spirit and pride that define Clemson University‚Äôs Homecoming celebration. Read More! üì∞Clemson Graphic Communications",Shared Post,118,4 comments,10 reposts,None
Carl Blue Clemson,339,1yr ‚Ä¢ 1 year ago,GC-Godfrey Hall - Homecoming 2023,Image,62,1 comment,4 reposts,None
Carl Blue Clemson,339,1yr ‚Ä¢ 1 year ago,,Unknown,,0,0,None
Carl Blue Clemson,339,1yr ‚Ä¢ Edited ‚Ä¢ 1 year ago,"Presented today on my research on the use of A.I. image generation and tablet based graphic applications for ideation and prepress workflows, at the 2023 Graphic Communication Education Association (GCEA) Conference at RISD in Providence, RI.",Image,61,8 comments,1 repost,None
Carl Blue Clemson,339,1yr ‚Ä¢ 1 year ago,"Friends in Education & greater Graphic Communications industry - North Idaho College in beautiful Coeur D'Alene is looking for an Assistant Professor‚ÄîUX/UI Design & Front End Development. Not posted yet but I can make the connection :) Thanks! Job Summary:This position is responsible for providing instruction and serving as an advisor to students enrolled in the Graphic Design Program each semester and possibly during NIC‚Äôs six-week summer session. Areas of instruction may include UX/UI Design, UX Research, Information Architecture, Front-End Development, Interaction Design/Prototyping, Social Media Design Strategies, and Modern Web technologies.https://lnkd.in/gBx7W-Gg hashtag#highereducation hashtag#uxdesign hashtag#webdevelopment hashtag#graphiccommunications",Shared Post,6,0,5 reposts,None
Carl Blue Clemson,339,1yr ‚Ä¢ 2 years ago,Congratulations Clemson‚Äôs Class of 2023 graduates.,Image,24,0,1 repost,None
Carl Blue Clemson,339,2yr ‚Ä¢ 2 years ago,"TAGA23, Oklahoma City, OK. The final breakout session is wrapping up with Dr Carl Blue presenting research on the ‚ÄúEffectiveness of Tablet-based Apps for Developing Raster and Vector Print-ready Files for Conventional Printing Processes‚Äù",Image,12,0,0,None
Carl Blue Clemson,339,2yr ‚Ä¢ 2 years ago,PGSF has been investing in the future of print and graphics and changing lives since 1956. Our scholarship applications are currently open for students who will be enrolling in print and graphics programs. https://lnkd.in/gH_QA95q,Shared Post,22,0,7 reposts,None
Carl Blue Clemson,339,2yr ‚Ä¢ 2 years ago,"Attending INTED 2023, Valencia, SpainPresenter and Session Chair for Challenges in Curriculum Design, representing Clemson University‚Äôs Department of Graphic Communications hashtag#design hashtag#graphics hashtag#communications",Image,20,1 comment,0,None
Carl Blue Clemson,339,2yr ‚Ä¢ 2 years ago,Check out this job at Clemson University: Virtual Reality Developer,Unknown,3,0,0,None
Carl Blue Clemson,339,2yr ‚Ä¢ 2 years ago,Be sure to register and support our PGSF Online Auction! Bidding is open from Jan 22  - Jan 26 during hashtag#EPSConnect2023. Log in and register now - and Good Luck!https://lnkd.in/g5rejNpd,Shared Post,6,0,4 reposts,None
Carl Blue Clemson,339,2yr ‚Ä¢ 2 years ago,Congratulations Fall Class of 2022 - Clemson University,Image,11,0,0,None
Carl Blue Clemson,339,2yr ‚Ä¢ 2 years ago,This one has been going around.,Article,,0,0,https://www.tiktok.com/t/ZTRq8sHyS/
Carl Blue Clemson,339,2yr ‚Ä¢ 2 years ago,Check out this job at Boingo Graphics : Project Manager,Unknown,3,0,0,None
Carl Blue Clemson,339,2yr ‚Ä¢ 2 years ago,Lecturer - Graphic CommunicationsClemson University: College of Business: Graphic Communications,Article,1,0,0,https://apply.interfolio.com/118199
Carl Blue Clemson,339,2yr ‚Ä¢ 2 years ago,"I am looking forward to presenting at the upcoming Digital Textile Printing Conference, December 7 - 8, 2022.https://lnkd.in/gGwk525W",Image,21,0,0,None
Carl Blue Clemson,339,2yr ‚Ä¢ Edited ‚Ä¢ 2 years ago,"In the Adobe and Pantone dispute, creators are left in the darkhttps://lnkd.in/g-xsiwpN",Unknown,,1 comment,0,None
Carl Blue Clemson,339,2yr ‚Ä¢ 2 years ago,Technical Writing Initiative in Graphic CommunicationsClemson Graphic Communications Research10-minute survey to gather data for developing Technical Writing Competencies in Graphic Communications (GC).Participation in taking this survey will assist in developing curriculum and instructional materials that will enhance students' learning of technical writing and provide instructors in the Graphic Communications discipline with valuable resources. The purpose of this research is to develop a concise supplemental Technical Writing resource for Graphic Communications majors and instructors (and beyond) based on assembled competencies derived through a study of responses from academics and industry professionals. This resource is meant to enlighten and encourage student success in¬†writing in the discipline¬†(WID).Click to participatehttps://lnkd.in/gec3Vczb # # #,Image,8,0,0,None
Carl Blue Clemson,339,2yr ‚Ä¢ 2 years ago,"Presented today at the ATMAE (Association of Technology Management and Applied Engineering) at the annual conference in Louisville, KY hashtag#technology hashtag#management hashtag#graphiccommunications",Image,47,0,0,None
Carl Blue Clemson,339,2yr ‚Ä¢ Edited ‚Ä¢ 2 years ago,"Clemson Graphic Communications Research 10 minute survey to gather data for developing Technical Writing Competencies in Graphic Communications (GC). https://lnkd.in/gec3VczbGC Industry Professionals and Academics are welcome to participate. hashtag#research hashtag#learning hashtag#writing hashtag#communications hashtag#graphics TWIG Technical Writing Initiative in GraphicsParticipation in taking this survey will assist in developing curriculum and instructional materials that will enhance students' learning of technical writing, as well as provide instructors in the Graphic Communications (GC) discipline with valuable resources. The purpose of this research is to develop a concise supplemental Technical Writing resource for GC majors and instructors (and beyond) based on assembled competencies derived through a¬†study of responses from academics and industry professionals. This resource is meant to enlighten and encourage student success in¬†writing in the discipline¬†(WID).",Article,3,0,0,https://clemson.ca1.qualtrics.com/jfe/form/SV_781w98Zb7WXFKZM
Carl Blue Clemson,339,2yr ‚Ä¢ 2 years ago,GC Homecoming 2022,Image,27,1 comment,0,None
Carl Blue Clemson,339,2yr ‚Ä¢ 2 years ago,https://lnkd.in/guecy4HF,Unknown,,0,0,None
Carl Blue Clemson,339,2yr ‚Ä¢ 2 years ago,"Homecoming 2022, GC@Godfrey Hall, Clemson University",Image,14,0,0,None
Carl Blue Clemson,339,2yr ‚Ä¢ 2 years ago,Homecoming 2022 screens prepped,Image,21,2 comments,2 reposts,None
Carl Blue Clemson,339,2yr ‚Ä¢ 2 years ago,Upcoming event.,Image,21,0,0,None
Carl Blue Clemson,339,2yr ‚Ä¢ Edited ‚Ä¢ 2 years ago,"""What is made possible by the investments we‚Äôve made?""That question was put to company leaders by David Bennett in 2015. He didn‚Äôt want to be better. He wanted to be different.It‚Äôs a challenging question. Some responses were easy. There were traditional projects that became easier to manage. There was simple direct mail. There were shorter run jobs.That wasn‚Äôt the answer David was looking for. He wanted to know what we could invent. He was looking for yet to be imagined services we might design.The resulting collaboration changed the trajectory of our company. Packaging was added. So we‚Äôre digital enhancements (SenseAtional)  and laser finishing (Director's Cut). They‚Äôre hot topics now but were outrageous gambles seven years ago.All of these things were done with the audience in mind. We wanted creatives to see possibilities not limitations. We wanted to test ideas in minutes not days. It has earned us some of the best work in the world. There have been countless awards but our clients deserve those. We‚Äôre proud to be part of making ideas come to life!WE LOVE THIS STUFF!",Shared Post,111,6 comments,3 reposts,None
Carl Blue Clemson,339,2yr ‚Ä¢ 2 years ago,Shout out to Appstate! Congratulations!,Image,8,0,0,None
Carl Blue Clemson,339,2yr ‚Ä¢ 2 years ago,https://lnkd.in/g9dXfz8m,Unknown,,0,0,None
Carl Blue Clemson,339,2yr ‚Ä¢ 3 years ago,FALL 2022 internship & CAREER FAIRhttps://lnkd.in/dk63ngfi,Article,6,0,0,https://www.clemson.edu/business/departments/graphics/internship-program/index.html
Carl Blue Clemson,339,2yr ‚Ä¢ Edited ‚Ä¢ 3 years ago,Thanks to Sirane Ltd UK for purchasing  LEN 108 Box Blanking machine. It will be the first machine in UK market . One operator can handle 500.000-800.000 box/shiftState of art Industry 4.0 Systems by Beckhoff Automation.19 inc Screen by Beckhoff AutomationSchmersal Security¬†SystemsAll Hydraulics are installed by Rexroth(Germany) .Max Sheet size: 1080 mm X 780 mmMax Blanking size: 550 mm X 550 mmMin Blanking size : 30 mm X 30 mmDouble Head for double side jobsState of art construction.E-Mail : cem@lennartgroup.nlhashtag#packaging hashtag#blanking hashtag#foldingbox hashtag#printing hashtag#sustainability hashtag#sustainablepackaging hashtag#packagingsolutions hashtag#diecutting hashtag#boxstripping,Shared Post,403,16 comments,39 reposts,None
Carl Blue Clemson,339,2yr ‚Ä¢ 3 years ago,"Clemson GC visits HP Graphics Experience Center in Alpharetta, GAThank you HP for the great tour and educational experience!!",Image,5,1 comment,0,None
Carl Blue Clemson,339,2yr ‚Ä¢ 3 years ago,,Article,1,0,0,https://www.linkedin.com/pulse/what-culture-fit-why-do-employers-try-hire-?trackingId=OC7u%2FdySCH7YWf%2F7S9LqdA%3D%3D
Carl Blue Clemson,339,2yr ‚Ä¢ 3 years ago,"Inkjet is expanding in commercial space, and not simply for technological reasons. Great insight here from Marco Boer.",Article,1,0,0,http://CVSoci.al/pRCyvM2B
Carl Blue Clemson,339,2yr ‚Ä¢ 3 years ago,"https://lnkd.in/gpsVMFm The TAGA Call for Papers is open for the 2023 Annual Technical Conference that will be held in Oklahoma City, OK. Deadline for submitting abstracts is September 19. Please send them to taga@printing.org. hashtag#taga hashtag#taga23 hashtag#papers hashtag#research hashtag#abstracts hashtag#conference hashtag#event hashtag#scientific hashtag#technical",Article,1,0,0,https://taga.org/call-for-papers/
Carl Blue Clemson,339,2yr ‚Ä¢ 3 years ago,Congratulations to the Clemson University Wilbur O. and Ann Powers College of Business Class of 2022.,Image,5,0,0,None
Carl Blue Clemson,339,2yr ‚Ä¢ 3 years ago,Congratulations to the GC Graduate Class of 2022,Image,39,0,1 repost,None
Carl Blue Clemson,339,2yr ‚Ä¢ Edited ‚Ä¢ 3 years ago,Today on our last day of classes (cheers!) our Clemson GC Grad students visited Frontier Label  in Greenville. https://lnkd.in/gDB2zxYY,Image,19,0,0,None
Carl Blue Clemson,339,2yr ‚Ä¢ Edited ‚Ä¢ 3 years ago,Part Two: our Clemson GC graduate students visited Bennett Graphics in Atlanta this afternoon; amazing printer! We appreciated the opportunity. hashtag#Graphiccommunications,Image,56,1 comment,1 repost,None
Carl Blue Clemson,339,2yr ‚Ä¢ Edited ‚Ä¢ 3 years ago,"TGIF! Our Clemson GC graduate students visited with MacDermid Graphics Solutions this morning in Atlanta, amazing people and facilities.https://lnkd.in/gdaKkVhz",Image,3,0,0,None
Carl Blue Clemson,339,2yr ‚Ä¢ 3 years ago,https://lnkd.in/dcvr92mY,Image,2,0,0,None
Carl Blue Clemson,339,2yr ‚Ä¢ 3 years ago,Graphic Communications Workforce Coalition (GCWC) & Graphic Communications @ Clemson University (GCCU) hashtag#graphiccommunicationshashtag#fourcolorprocess,Video,3,0,0,None
Carl Blue Clemson,339,2yr ‚Ä¢ 3 years ago,Graphic Communications Workforce Coalition (GCWC) & Graphic Communications @ Clemson University (GCCU) hashtag#graphiccommunications hashtag#CTS hashtag#computertoscreen,Video,3,0,0,None
Carl Blue Clemson,339,2yr ‚Ä¢ 3 years ago,Graphic Communications Workforce Coalition (GCWC) & Graphic Communications @ Clemson University (GCCU) # hashtag#graphiccommunications,Video,2,0,1 repost,None
Carl Blue Clemson,339,2yr ‚Ä¢ 3 years ago,Graphic Communications Workforce Coalition (GCWC) & Graphic Communications @ Clemson University (GCCU) hashtag#graphiccommunications,Video,14,0,3 reposts,None
Carl Blue Clemson,339,2yr ‚Ä¢ Edited ‚Ä¢ 3 years ago,Graphic Communications Workforce Coalition (GCWC) & Graphic Communications @ Clemson University (GCCU) hashtag#graphiccommunications,Video,5,0,1 repost,None
Carl Blue Clemson,339,2yr ‚Ä¢ Edited ‚Ä¢ 3 years ago,CLEMSON GC is hiring faculty professionals! Please share.https://lnkd.in/eKiC4gwh,Image,20,0,6 reposts,None
Carl Blue Clemson,339,2yr ‚Ä¢ 3 years ago,Today our GC grad students visited Clemson‚Äôs PrintCon and had opportunity to setup and run a BOBST Flexo-corrugated press with Kern Cox in the lead.,Image,23,1 comment,0,None
Carl Blue Clemson,339,3yr ‚Ä¢ 3 years ago,Attention students! Did you know students who are enrolled in an educational institution that is an active member of PRINTING United Alliance receive free membership to the Alliance? Learn more and get involved https://bit.ly/3oXNZgYhashtag#gcwc hashtag#joinus,Image,4,0,0,None
Carl Blue Clemson,339,3yr ‚Ä¢ 3 years ago,"Sadio Mane, a Senegalese soccer star. earns approximately $10.2 million annually, has given the world a rude awakening after some fans spotted him carrying a cracked iPhone. His response is legendary:""Why would I want ten Ferraris, 20 diamond watches and two jet planes? I starved, I worked in the fields, played barefoot, and I didn't go to school. Now I can help people. I prefer to build schools and give poor people food or clothing. I have built schools and a stadium; provide clothes, shoes, and food for people in extreme poverty. In addition, I give 70 euros per month to all people from a very poor Senegalese region in order to contribute to their family economy. I do not need to display luxury cars, luxury homes, trips, and even planes. I prefer that my people receive some of what life has given me.""‚ô•Ô∏è‚ô•Ô∏è‚ô•Ô∏è‚ô•Ô∏è‚ô•Ô∏è",Image,15,0,0,None
Carl Blue Clemson,339,3yr ‚Ä¢ 3 years ago,The Department of Technology (which I am a part of) is wanting to hire a tenure-track Asst. Prof. in Cybersecurity.  The position would start for the Fall 2022 semester.  Please help me spread the word to people that might be interested.   The applicant would need to have a Doctorate (or be ABD).  FMI:,Article,3,0,0,https://usm.hiretouch.com/job-details?jobID=73099&job=assistant-professor-of-cyber-security
Carl Blue Clemson,339,3yr ‚Ä¢ 3 years ago,Do you have trouble getting your resolutions to stick? Here's how you can change that: http://t.ted.com/Z0cYc70,Article,,0,0,http://t.ted.com/Z0cYc70
Carl Blue Clemson,339,3yr ‚Ä¢ 3 years ago,Print‚Ä¶ dissemination of ideas,Article,2,0,0,https://vm.tiktok.com/TTPdjgwgyN/
Carl Blue Clemson,339,3yr ‚Ä¢ 3 years ago,,Image,37,10 comments,0,None
Carl Blue Clemson,339,3yr ‚Ä¢ 3 years ago,‚ÄúThe Print Shop‚Äùhttps://lnkd.in/erZAbuZi,Article,2,0,0,https://vm.tiktok.com/ZM8thYq9E/
Carl Blue Clemson,339,3yr ‚Ä¢ Edited ‚Ä¢ 3 years ago,"Research presentation this weekend at PICA: The Printing Industry of the Carolinas, Inc. 2021 Fall Management Conference. Greenville, SC Nov 12-14",Image,5,0,0,None
Carl Blue Clemson,339,3yr ‚Ä¢ 3 years ago,,Article,1,0,1 repost,https://www.cnbc.com/amp/2021/11/07/overused-words-and-phrases-that-make-you-sound-weak-less-confident-according-to-grammar-experts.html
Carl Blue Clemson,339,3yr ‚Ä¢ 3 years ago,"Two presentations today for the ATMAE Annual Conference, Graphics Divsion, in Orlando, FL",Image,17,6 comments,0,None
Carl Blue Clemson,339,3yr ‚Ä¢ 3 years ago,GC Halloween,Image,13,1 comment,0,None
Carl Blue Clemson,339,3yr ‚Ä¢ 3 years ago,Clemson Homecoming today!,Image,17,3 comments,0,None
Carl Blue Clemson,339,3yr ‚Ä¢ 3 years ago,"Clemson Homecoming today, drop by Godfrey Hall for bandanas",Image,4,0,0,None
Carl Blue Clemson,339,3yr ‚Ä¢ 3 years ago,Womentorship and Revival of Print are Main Themes of Girls Who Print Day and International Print Day in October¬†... and a bonus Project Peacock Event!Read all about it! https://lnkd.in/dmKZTu7Xhashtag#GirlsWhoPrint hashtag#IPD21 hashtag#PrintAgain hashtag#ProjectPeacock,Image,3,0,0,None
Carl Blue Clemson,339,3yr ‚Ä¢ 3 years ago,CLEMSON GC - HOMECOMING 2021,Image,9,0,0,None
Carl Blue Clemson,339,3yr ‚Ä¢ 3 years ago,GC Grad Students had the opportunity to visit the Gene Haas Center for Manufacturing Innovation this week on the ICAR campus in Greenville.,Image,1,0,0,None
Carl Blue Clemson,339,3yr ‚Ä¢ 3 years ago,Be a problem-solver rather than the gatekeeper,Image,4,0,0,None
Carl Blue Clemson,339,4yr ‚Ä¢ 4 years ago,"Dean Wendy York brings a collaborative leadership style to the helm of the Wilbur O. and Ann Powers College of Business.‚ÄúWhat we‚Äôve done in the last two years as a team is set a vision for where the college needs to go,‚Äù she says, ‚Äúto make sure our students are business ready for what the marketplace needs ‚Äî and to ensure the culture of the College of Business is a collaborative and high-functioning team.‚Äù",Article,1,0,0,https://bit.ly/375I2px
Carl Blue Clemson,339,4yr ‚Ä¢ 4 years ago,Four-color screen printing lab,Video,6,0,0,None
Carl Blue Clemson,339,4yr ‚Ä¢ 4 years ago,Congratulations CoB!,Image,3,0,0,None
Carl Blue Clemson,339,4yr ‚Ä¢ 4 years ago,,Article,,0,0,https://www.linkedin.com/pulse/clemson-gc-hold-first-ever-virtual-intern-employer-day-jones?trackingId=0KjT0C2580HaGgXj4BG8eQ%3D%3D
Carl Blue Clemson,339,4yr ‚Ä¢ 4 years ago,"We are building a library of online, free, workshops that can help and support your business or non-profit.Example of the videos:Small Business Basic Start-Up (SCORE / SBDC)Intellectual Property & Small Business Legal ConcernsUnderstanding Financial StatementsSubscribe to our SCORE YouTube Channel to stay up to date and learn about the latest.",Article,1,0,0,https://www.youtube.com/channel/UCO3Q248eO8FahEWPSqqBq8g/
Carl Blue Clemson,339,4yr ‚Ä¢ 4 years ago,"Clemson University is launching a new full-spectrum advanced materials research and development center to drive breakthrough technological advancements for the state‚Äôs automotive, aerospace, defense and energy sectors. The Clemson Composites Center combines decades of expertise and state-of-the-art equipment to bring all stages of the engineering lifecycle under one institution. The first project will be the completion of assistant professor Srikanth Pilla‚Äôs $5.8 million research endeavor to redesign a driver‚Äôs side door to be lighter and stronger. The interdisciplinary team ‚Äî which includes the US Dept Of Energy and Honda R&D Americas, LLC ‚Äî will use the Center‚Äôs specialized equipment to build and validate the final prototype.",Article,2,0,0,http://go.tig.rs/ct1i6f
Carl Blue Clemson,339,4yr ‚Ä¢ 4 years ago,Air Force Col. Keith Balts was honored by Clemson‚Äôs Reserve Officers Training Corps program with a pandemic-safe retirement ceremony after 28 years of service. Col. Balts will now lead the College of Business‚Äô new business-critical leadership competency program. hashtag#ClemsonMeansBusiness,Article,1,0,0,https://bit.ly/3imLOgO
Carl Blue Clemson,339,4yr ‚Ä¢ 4 years ago,"The Clemson University Center for Aviation and Automotive Technological Education using Virtual E-Schools (CA2VES) launched in 2012 to create and deliver accessible e-learning material for a nationwide audience to support aviation and automotive technological education. With $4 million in funding from the National Science Foundation (NSF), CA2VES plans to continue to build on the success of this transformative, scalable, and flexible e-learning delivery model.",Article,,0,0,http://go.tig.rs/g0b9ju
Carl Blue Clemson,339,4yr ‚Ä¢ 4 years ago,‚ú® We are proud to be recognized in the 2021 U.S. News & World Report!,Article,1,0,0,http://go.tig.rs/p5mp57
Carl Blue Clemson,339,4yr ‚Ä¢ Edited ‚Ä¢ 5 years ago,17yo hacker mastermind,Article,3,0,0,https://www.wsj.com/articles/federal-authorities-arrest-suspect-in-twitter-hack-11596223550?st=uiu7k7gm5194gjo&reflink=article_copyURL_share
Carl Blue Clemson,339,4yr ‚Ä¢ 5 years ago,We will temporarily waive standardized test scores as a requirement for applicants for the 2021-22 academic year. We recognize the challenges presented to prospective students and their families by the ongoing COVID-19 pandemic.,Article,3,0,0,http://go.tig.rs/0p0fuz
Carl Blue Clemson,339,4yr ‚Ä¢ 5 years ago,"Inkjet Insight co-founder Mary Schilling has put her digital printing skills to work, producing some pretty awesome on-demand face masks.",Article,1,0,0,https://www.printingnews.com/video/video/21138102/mary-schilling-shares-smiles-not-cooties
Carl Blue Clemson,339,4yr ‚Ä¢ 5 years ago,,Unknown,2,0,0,None
Carl Blue Clemson,339,4yr ‚Ä¢ 5 years ago,This is a pretty cool concept brought to life. I‚Äôve been out of the printing arena for awhile but I had to share this! hashtag#printing #digitalprinting#pantone#thinkoutsidethebox,Article,2,0,0,https://digitalsynopsis.com/design/pantone-color-beer-can-bottle-packaging/
Carl Blue Clemson,339,5yr ‚Ä¢ Edited ‚Ä¢ 5 years ago,https://lnkd.in/d4gM_ne,Image,4,0,0,None
Carl Blue Clemson,339,5yr ‚Ä¢ 5 years ago,‚ùÑÔ∏è A fresh coat of snow in Clemson. ‚ùÑÔ∏è,Image,6,1 comment,0,None
Carl Blue Clemson,339,5yr ‚Ä¢ 5 years ago,,Article,2,1 comment,0,https://www.wsj.com/articles/m-b-a-programs-rush-to-add-stem-degrees-11580898601?emailToken=9aad67bc0d66c8d9c93b9207505a837bb+iTkHGwcfYGR5KQRZjqqYaIoeTRdVvYKGH4v22xHQpE90Tr+HpPlCH8McZrB9KCZ2ztakhZDJ3rGR6M2BZna3U2fdPrtVHV1nuNIRZS134%3D&reflink=article_copyURL_share
Carl Blue Clemson,339,5yr ‚Ä¢ 5 years ago,Fall 2019 Clemson Graphic Communications graduates and faculty.,Article,1,0,0,https://www.linkedin.com/feed/update/urn:li:activity:6613578758446166016
Carl Blue Clemson,339,5yr ‚Ä¢ 5 years ago,,Article,,1 comment,0,https://www.businessinsider.com/facial-recognition-fooled-with-mask-kneron-tests-2019-12
Carl Blue Clemson,339,5yr ‚Ä¢ 5 years ago,,Article,2,0,0,https://www.marketwatch.com/amp/story/guid/AF2E17E4-1ACA-11EA-BA4D-B7850A42D319
Carl Blue Clemson,339,5yr ‚Ä¢ 5 years ago,"""I think the faculty is way over the heads of the majority of students. It‚Äôs a closed system: lecture, reading, tests. I don‚Äôt think that promotes thinking and problem solving.""",Article,,0,0,https://www.chronicle.com/article/Want-to-Be-a-Happy-Prof-Teach/246417?key=M4Uz02RD-3jerweavC_IPL4seLqqp7GL46LLHSgk8aZmhCcX4HhaU6SJ9JgZX9dmZkpiUmpuTzhNeE5iOVZldTlCNmV2SDVFTF84aWo0dERXVE1tY2lVZTRERQ
Carl Blue Clemson,339,5yr ‚Ä¢ 5 years ago,,Article,1,1 comment,0,https://www.edie.net/news/5/Coca-Cola-to-replace-plastic-shrink-wrap-with-paper-packaging-across-Europe/
Carl Blue Clemson,339,5yr ‚Ä¢ 5 years ago,"If you're looking to stay on top of technical advancements that are shaping the future of graphic communications, then join us in Oklahoma City, OK, March 15-18. Now is the time for researchers, scientists, and those evaluating technology innovations to register! Visit www.taga.org/conference for more information.hashtag#taga20 hashtag#oklahomacity hashtag#technical hashtag#research hashtag#innovation",Image,2,0,0,None
Carl Blue Clemson,339,5yr ‚Ä¢ 5 years ago,"TAGA Student Ambassador, Trey Bowe is a sophomore at Clemson University studying graphic communications. ‚ÄúAs a member of TAGA, I have been able to expand my knowledge of the creative and print worlds and apply what I have learned to many parts of my life.‚Äù Get to know more about Trey and why he is an outstanding asset not only to TAGA, but also for the future of graphic communications. https://bit.ly/32KXnGS hashtag#taga20 hashtag#studentambassador",Image,1,0,0,None
Carl Blue Clemson,339,5yr ‚Ä¢ 5 years ago,"It is wonderful to see that the IRS and other agencies working to improve public awareness of cyber vulnerabilities. It is a simple but powerful message to emphasize:1. Security is essential, and people of all ages should not reveal too much information about themselves. 2. Always use security software with firewall and anti-virus protections. 3. Recognize and avoid scams such as phishing emails, threatening phone calls, and texts from thieves posing as IRS or from legitimate organizations pose risks. 4. Protect personal data and treat personal information like cash; don't leave it lying around.5. Be careful about public Wi-Fi networks as a connection to Wi-Fi in a mall or coffee shop is convenient, but it may not be safe. Always use a virtual private network when connecting to public Wi-Fi.Here is an excellent article by Information Security Magazine:https://lnkd.in/dpyFZ8B hashtag#cybereducation hashtag#stemeducation hashtag#cybersecurity hashtag#computersecurity hashtag#infosec hashtag#securityawareness",Article,1,0,0,https://www.infosecurity-magazine.com/news/irs-to-mount-epic-cybersafety/
Carl Blue Clemson,339,5yr ‚Ä¢ 5 years ago,"Our recent donation of an Acuity Select 26 digital UV flatbed press to The Sonoco Institute of Packaging Design and Graphics at Clemson University will help students stay in touch with all the latest evolutions in the packaging industry. Proudly standing next to the new machine are Clemson's Haley Appleby (packaging science lecturer), Chip Tonkin (chair of graphic communications and director of the Sonoco Institute) Steve Bennet (Fujifilm VP of packaging solutions) Tony Aquino (Fujifilm regional sales manager) and of course, The Tiger! Details here: http://bit.ly/2PRdRtZhashtag#printing hashtag#packagedesign",Image,,0,0,None
Carl Blue Clemson,339,5yr ‚Ä¢ 5 years ago,"TAGA announces the lineup of keynote speakers and selected papers for its 2020 Annual Technical Conference in Oklahoma City, OK, March 15-18. Keynote speakers include Juanita Parris of Sun Chemical, Todd Fayne of PepsiCo, Dave Crawley of University of Houston, and Craig Reid of CTR Resources, LLC. Visit taga.org/conference for more details. hashtag#taga20 hashtag#oklahomacity hashtag#technical hashtag#research hashtag#innovation",Image,1,0,0,None
Carl Blue Clemson,339,5yr ‚Ä¢ 5 years ago,Congratulations Dr Walker!,Article,9,1 comment,0,http://bit.ly/CURFgrant2020
Carl Blue Clemson,339,5yr ‚Ä¢ 5 years ago,,Article,8,1 comment,0,https://www.bloomberg.com/news/features/2018-06-21/the-textile-town-becoming-the-silicon-valley-of-the-south
Carl Blue Clemson,339,5yr ‚Ä¢ 5 years ago,Homecoming 2019,Image,22,0,0,None
Carl Blue Clemson,339,5yr ‚Ä¢ 5 years ago,Homecoming 2019,Image,10,0,0,None
Carl Blue Clemson,339,5yr ‚Ä¢ 5 years ago,"I had the opportunity to go to Print19 in Chicago this week. It was an honor to represent Clemson‚Äôs graphic communications program and learn from professionals in this industry. It‚Äôs so motivating to see and experience how innovative the print industry is. Print will always be around, and now in a number of new ways. I am so glad I have chosen this major that lets me be creative and technical at the same time!",Image,8,0,0,None
Carl Blue Clemson,339,5yr ‚Ä¢ 5 years ago,Check out these unusual printers. (Follow @Cheddar for more.)https://chdr.tv/htrhttps://chdr.tv/69719https://chdr.tv/0c3e6https://chdr.tv/6e94a,Video,1,0,0,None
Carl Blue Clemson,339,5yr ‚Ä¢ 5 years ago,"PRINTING United is less than a month away and we can‚Äôt wait! Check out this behind the scenes look at the making of staff jackets by Printed Threads, LLC.‚Å£‚Å£‚Å£We'll see you in Dallas!http://printingunited.com_________ hashtag#screenprint hashtag#silkscreen hashtag#printing",Video,1,0,0,None
Carl Blue Clemson,339,5yr ‚Ä¢ 5 years ago,,Article,1,0,1 repost,https://www.boredpanda.com/vintage-photos-life-before-autocad/
Carl Blue Clemson,339,5yr ‚Ä¢ 5 years ago,"üçï This video generated 45M views on Facebook!""Test yourself: Can you tell the difference between real & elevated food photos? üòÄ""----The creator is @First Media US who publishes interesting and valuable content‚Äî mainly focused on attracting millennial women. They understand how to attract an audience!Agree?The company has now done sponsored videos for companies like Dunkin', Walmart, Pepsi, Dollar Shave Club, and many more. As founders, we can learn a lot about content creation and optimizing for shareability and retention by studying publishers like First Media. Would love to know your thoughts: What do you think of the video?What makes it shareable?Why is it so hard to look away?ü§îüëáüëáhashtag#video hashtag#media hashtag#marketing Credit: First Media US, Yuval Rechter",Video,1,0,0,None
Carl Blue Clemson,339,5yr ‚Ä¢ 6 years ago,,Unknown,,0,0,None
Carl Blue Clemson,339,5yr ‚Ä¢ 6 years ago,https://lnkd.in/dV9iBWy hashtag#cnbcob,Article,11,0,0,https://newsstand.clemson.edu/twenty-two-new-faculty-welcomed-into-college-of-business-fold/
Carl Blue Clemson,339,5yr ‚Ä¢ 6 years ago,"""We have to justify and sell the course, find new ways to offer students a sense of ownership over it, and be even more resourceful than usual in figuring out how to surprise and delight them."" (From 2018)",Article,,0,0,https://www.chronicle.com/article/Give-Students-More-Options/243416/
Carl Blue Clemson,339,5yr ‚Ä¢ Edited ‚Ä¢ 6 years ago,"Department of Graphic Communication new office space, Godfrey Hall, Clemson University Clemson University",Image,433,31 comments,4 reposts,None
Carl Blue Clemson,339,5yr ‚Ä¢ 6 years ago,"Old Tuffy Premium Lager is available in stores across North Carolina starting today. Learn how our partnership with New Belgium will provide support to student success initiatives, research projects and fermentation science.",Article,,0,0,http://thinkand.do/LSb3tc
Carl Blue Clemson,339,5yr ‚Ä¢ 6 years ago,,Image,3,0,0,None
Carl Blue Clemson,339,5yr ‚Ä¢ 6 years ago,"Coming to GCEA Online Camp Clemson this summer? Here are a few important deadlines to note.1. Deadline to register for the conference in July 5, 2019- https://lnkd.in/ef_3YWM2. Deadline to reserve a shuttle to or from the airport is NOON on July 8, 2019- https://lnkd.in/e3QT5i73. Deadline to cancel (we'd hate it if you can't make it to camp!) and receive a partial refund is July 14, 2019Also, don't forget to download our conference app here- https://lnkd.in/eHRUGEm for up-to-date information leading up to and during the event!hashtag#graphic hashtag#communications hashtag#studentsuccess hashtag#students hashtag#conference",Unknown,,0,0,None
Carl Blue Clemson,339,5yr ‚Ä¢ 6 years ago,"‚ÄúYou never change things by fighting the existing reality. To change something, build a new model that makes the existing model obsolete.‚Äù - Buckminster FullerAs 8 years at USM comes to an end, I am delighted to announce that I have accepted a position at Clemson University beginning this fall 2019. I am super excited about this opportunity to be an Associate Professor in the Department of Graphic Communications in their College of Business.  hashtag#gotigers",Image,56,29 comments,0,None
Carl Blue Clemson,339,5yr ‚Ä¢ 6 years ago,,Image,,0,0,None
Carl Blue Clemson,339,5yr ‚Ä¢ 6 years ago,,Image,,0,0,None
Carl Blue Clemson,339,5yr ‚Ä¢ 6 years ago,E-sports!,Article,,0,0,https://ihenow.com/2Egglvz
Carl Blue Clemson,339,5yr ‚Ä¢ 6 years ago,,Image,6,1 comment,0,None
Carl Blue Clemson,339,5yr ‚Ä¢ 6 years ago,"hashtag#thiscover is a project created a from passion for music albums. Using augmented reality this team have created very cool animations. If you have any of the 19 albums that are already available you just need to download their app.Created by Yuh-Kuo Tai, Marco Meloni, and Susanna Basone @thiscover hashtag#augmentedreality hashtag#ar hashtag#music hashtag#technology hashtag#bigideas hashtag#innovationTHISCOVER UK LIMITED",Video,,0,0,None
Carl Blue Clemson,339,5yr ‚Ä¢ 6 years ago,Only takes a minute,Image,3,0,0,None
Carl Blue Clemson,339,5yr ‚Ä¢ 6 years ago,"Games might not be the best use for VR, but this could be.",Article,,0,0,https://cnet.co/2Jo4MX4
Carl Blue Clemson,339,5yr ‚Ä¢ 6 years ago,"Chip Paucek, 2U‚Äôs chief executive, responds to questions about the OPM model, his company‚Äôs place in that universe, and why 2U just paid three-quarters of a billion dollars for a company that runs coding boot camps.",Article,,0,0,https://www.chronicle.com/article/Do-Tech-Companies-Inflate-the/246288
Carl Blue Clemson,339,5yr ‚Ä¢ 6 years ago,Absolutely stunning! This is an hashtag#augmented_reality hashtag#exhibition that was held in France. I wish I had visited it in person!It looks like it would have been a simply exquisite experience. The AR Art Exhibition ‚Äì ‚ÄúMirages and Miracles‚Äù by Adrien M & Claire B. hashtag#AR hashtag#Art hashtag#augmentedreality hashtag#artexpo hashtag#miragesandmiracles #,Video,,0,0,None
Carl Blue Clemson,339,5yr ‚Ä¢ 6 years ago,This splattered paint advertisement by Sony was one of the most expensive ads ever.,Video,,0,0,None
Carl Blue Clemson,339,5yr ‚Ä¢ 6 years ago,,Unknown,1,0,0,None
Carl Blue Clemson,339,5yr ‚Ä¢ 6 years ago,USM Department of Technology Senior Capstone Poster Presentation today 4-6 at the John Mitchell Center in Gorham. hashtag#careerready,Image,5,0,0,None
Carl Blue Clemson,339,5yr ‚Ä¢ Edited ‚Ä¢ 6 years ago,"USM's Department of Technology congratulates our recipients for the Outstanding Student for 2019: Aaron M. Pantling; the William H. Moore Award in Technology 2019: Michael S. Brown; and our Outstanding Alumni for 2019: Nicole L. Kearns. Pictured left to right: Outstanding Student 2019, Aaron Pantling, BS Information Technology; and Outstanding Alumni 2019, Nicole Kearns, BS Technology Management, from Tyler Technologies, Senior Log Forensics Analyst, CISSP. hashtag#leadership",Image,6,1 comment,0,None
Carl Blue Clemson,339,5yr ‚Ä¢ 6 years ago,Redesign of Helvetica... because the original text did not look or work well on small screens like watches and phones..,Article,2,0,0,https://news.artnet.com/art-world/ubiquitous-typeface-helvetica-getting-makeover-21st-century-1523779
Carl Blue Clemson,339,5yr ‚Ä¢ 6 years ago,"USM's Department of Technology's Senior Capstone Poster Presentations at the John Mitchell Center hashtag#careerreadystudents hashtag#usmdot hashtag#studentsforhire , GorhamMonday: Lobby of the JMC 4-6PM",Image,3,0,0,None
Carl Blue Clemson,339,5yr ‚Ä¢ 6 years ago,,Article,2,0,0,https://www.youtube.com/watch?v=OnWolLQSZic
Carl Blue Clemson,339,5yr ‚Ä¢ 6 years ago,Robots are coming for all the jobs. Even the ones in professional sports! Who‚Äôs next? hashtag#robots hashtag#innovation hashtag#tech hashtag#technologyCredit: WTF,Video,1,0,0,None
Carl Blue Clemson,339,5yr ‚Ä¢ Edited ‚Ä¢ 6 years ago,Portland tech firm Tilson to receive up to $100 million investmentThe deal would represent one of the largest venture capital investments in a Maine company in recent years. https://lnkd.in/dKu_djX hashtag#careerreadystudents hashtag#USMDOT hashtag#studentsforhire,Article,3,0,0,https://www.pressherald.com/2019/04/09/portland-tech-firm-tilson-to-receive-up-to-100-million-investment/
Carl Blue Clemson,339,6yr ‚Ä¢ 6 years ago,"ITEEA conference in Kansas City, MO hashtag#gamification",Image,7,2 comments,0,None
Carl Blue Clemson,339,6yr ‚Ä¢ 6 years ago,Untapped resources,Unknown,,0,0,None
Carl Blue Clemson,339,6yr ‚Ä¢ 6 years ago,Representing the Department of Technology at the Engineering Expo atUniversity of Southern Maine,Image,14,0,0,None
Carl Blue Clemson,339,6yr ‚Ä¢ 6 years ago,This augmented reality floor looks awesome! Agree?hashtag#ar hashtag#augmentedreality,Video,2,0,0,None
Carl Blue Clemson,339,6yr ‚Ä¢ 6 years ago,"Our annual Job Fair is coming up on March 7, and promises to be huge. hashtag#workforcedevelopment hashtag#careerplanning hashtag#careers hashtag#jobfairs hashtag#education",Article,2,0,0,https://usm.maine.edu/publicaffairs/resumes-ready-spring-2019-job-fair-around-corner
Carl Blue Clemson,339,6yr ‚Ä¢ 6 years ago,It all started when he dropped a 3-year-old piece of coral and smashed it to pieces. Learn more about coral reefs: https://wef.ch/2HiMYYZ hashtag#scienceandenvironment hashtag#environmentalprotection,Video,1,0,0,None
Carl Blue Clemson,339,6yr ‚Ä¢ 6 years ago,"We're looking for hardworking and dependable manufacturing professionals who want to learn what hashtag#gravure production is all about! Want a career and not just a job? Apply to join our SGS Waukesha, WI team today! hashtag#packagingmachinery hashtag#imagecarrier hashtag#engraving hashtag#skilledtradesBrian Hecht Ben Wolf Dan Kyle",Article,,0,0,http://recruiting2.createdacard.me/O19DP?network=linkedin
Carl Blue Clemson,339,6yr ‚Ä¢ 6 years ago,That person is not real. They don't exist.,Article,1,2 comments,0,https://cnet.co/2IdsoOo
Carl Blue Clemson,339,6yr ‚Ä¢ 6 years ago,,Image,1,0,0,None
Carl Blue Clemson,339,6yr ‚Ä¢ 6 years ago,,Article,2,0,0,https://www.cbsnews.com/news/venture-capitalist-kai-fu-lee-ai-will-displace-40-percent-of-worlds-jobs-in-as-soon-as-15-years-60-minutes/
Carl Blue Clemson,339,6yr ‚Ä¢ 6 years ago,Group eyes Maine as launch site for satelliteshttps://bit.ly/2SWmEsV hashtag#maine hashtag#tech hashtag#space hashtag#NASA hashtag#technology,Article,,0,0,https://bit.ly/2SWmEsV
Carl Blue Clemson,339,6yr ‚Ä¢ 6 years ago,On the shortest day and longest night of 2018.,Image,2,0,0,None
Carl Blue Clemson,339,6yr ‚Ä¢ 6 years ago,Ph.D.s with nonacademic careers should have a seat at the table as universities and departments rethink graduate education.,Article,1,0,0,https://www.chronicle.com/article/Ex-Academics-Still-Aren-t/245306
Carl Blue Clemson,339,6yr ‚Ä¢ 6 years ago,Amazing cross-media AR.,Video,1,0,0,None
Carl Blue Clemson,339,6yr ‚Ä¢ 6 years ago,"Bye to PlayStation Vita, Netflix user reviews and even more.",Article,,0,0,https://cnet.co/2Cf6Mw9
Carl Blue Clemson,339,6yr ‚Ä¢ 6 years ago,"Reflections on Virgin Galactic's first space flight & the momentous achievement of a crewed spaceship, built to carry private paying passengers, reaching space for the first time ever https://virg.in/39C",Video,3,1 comment,0,None
Carl Blue Clemson,339,6yr ‚Ä¢ 6 years ago,Faculty Fellow,Image,32,6 comments,0,None
Carl Blue Clemson,339,6yr ‚Ä¢ 6 years ago,Think about the different experiences of reading about an event vs. being at an event. Virtual reality is having a real impact on learning.,Article,,0,0,https://cbcommunity.comcast.com/browse-all/details/reality-or-virtual-reality-how-vr-is-changing-the-educational-experience
Carl Blue Clemson,339,6yr ‚Ä¢ 6 years ago,"The December Workforce Report is out! As we close out 2018, hiring continues to level off after an extended period of increased hiring. For more insights on where the labor market stands at the end of 2018, check out the full report.",Article,,1 comment,0,https://economicgraph.linkedin.com/resources/linkedin-workforce-report-december-2018
Carl Blue Clemson,339,6yr ‚Ä¢ 6 years ago,Department of Technology- Senior Capstone Poster Presentations at the John Mitchell Center,Image,6,0,0,None
Carl Blue Clemson,339,6yr ‚Ä¢ 6 years ago,"‚ÄúYou have these new firms that have almost limitless capital, vast stores of data, and an almost certain ongoing need for education and training for education and workers. You'd be foolish, as a university or college administrator, ... to not bring value to those clients.‚Äù",Article,,0,0,https://www.chronicle.com/article/Amazon-Mania-Revealed-These-3/245267?key=YYB656B-DGUJ2veZAT6seeRCjSSpxxk_DAhdxp5UHxLO_ayBPPGS9EHV78furm2SQXprNEVmUVEybDI2MXpTV3NIRDV5aGZETTl2bDJjd3NSN2JnemlUREdlQQ
Carl Blue Clemson,339,6yr ‚Ä¢ 6 years ago,"What would it take to turn things around and achieve a stable outlook? That would require an expected revenue growth of at least 3 percent, the report says, at a majority of colleges.",Article,,0,0,https://www.chronicle.com/article/Moody-s-Gives-Higher-Ed-a/245258
Carl Blue Clemson,339,6yr ‚Ä¢ 6 years ago,Six Democratic senators have written to U.S. News & World Report asking it to change its ranking methodology.,Article,,0,0,https://ihenow.com/2KTVTCL
Carl Blue Clemson,339,6yr ‚Ä¢ 6 years ago,"Announcing USM's Department of Technology's Fall 2018 Senior Capstone Poster Presentations. Monday afternoon, December 10th, 4-6PM in the lobby of the John Mitchell Center, Gorham, ME Come support our seniors' project presentations. Learn about what we're doing. Open tours of the labs in the Department of Technology. hashtag#leadership hashtag#capstone hashtag#posterpresentations",Image,3,0,0,None
Carl Blue Clemson,339,6yr ‚Ä¢ 6 years ago,,Article,2,1 comment,0,https://www.businessinsider.com/unusual-job-titles-companies-hiring-millennials-2018-11
Carl Blue Clemson,339,6yr ‚Ä¢ 6 years ago,"After sneaking a preview of the new higher-ed documentary ""Unlikely"" last week, @goldiestandard is rooting for it to succeed. Here's why:",Article,1,0,0,https://www.chronicle.com/article/A-Film-About-Higher-Ed-That/245135
Carl Blue Clemson,339,6yr ‚Ä¢ 6 years ago,"""...Many nations, particularly in the developing world, don‚Äôt have nearly enough teachers so bots like Will could one day help fill that gap. ...They can adjust to  each student‚Äôs individual learning style, known as 'Adaptive learning,' to help them reach their full potential.""",Article,1,0,0,https://www.soulmachines.com/news/2018/10/5/press-worlds-first-digital-teacher-starts-work-teaching-kids-about-energy
Carl Blue Clemson,339,6yr ‚Ä¢ 6 years ago,The Maine system is the canary in the coal mine for the challenges that public colleges face in many states.,Article,1,0,0,https://www.chronicle.com/article/How-Maine-Became-a-Laboratory/242621?key=XeqTswECpgTjA7dsam5xGVWklKHPlFGyVEZVL6RSPn4SJIoW9oWftsF_zWquqmpMYWFnaEVqcGRpazcyLTdKMXZQZExQRF9oNnlwQ1o4aW5nNllTN3daS1RHMA
Carl Blue Clemson,339,6yr ‚Ä¢ 6 years ago,"Always found that students will get more interested about a topic, like ""safety"" if you allow them to be creative.  Produced by students in the ITT344 Digital Video and Animation Technology - Fall 2015.",Article,1,1 comment,0,https://www.youtube.com/watch?v=dDBSQtY5q4s&t=6s
Carl Blue Clemson,339,6yr ‚Ä¢ 6 years ago,"‚ÄúLeaders whose goal is the quest for power over others, unlimited wealth, or the fame that comes with success tend to look to others to gain satisfaction, and often appear self-centered and egotistical. They start to believe their own press. As leaders of institutions, they eventually believe the institution cannot succeed without them.‚Äùhttps://lnkd.in/d2rT77j hashtag#leadership",Article,,1 comment,0,https://hbswk.hbs.edu/item/why-leaders-lose-their-way
Carl Blue Clemson,339,6yr ‚Ä¢ 6 years ago,Internship Fair Today! Consider your career readiness.,Article,,0,0,https://usm.maine.edu/career-and-employment-hub/internship-fair
Carl Blue Clemson,339,6yr ‚Ä¢ 6 years ago,,Article,4,0,0,http://on.forbes.com/6189EBS7H
Carl Blue Clemson,339,6yr ‚Ä¢ 6 years ago,"Join us on Thursday, November 8th from 11:00 AM - 3:00 PM for the USM Job Fair. Over 100 employers to attend and FREE professional photos available! @University of Southern Maine hashtag#jobfairs",Image,,0,0,None
Carl Blue Clemson,339,6yr ‚Ä¢ 6 years ago,"Represent! Dept. Of Technology and the Spatial Visualization Gaming Instrument SVGI at the 5th Annual STEM Expo sponsored by Portland Public Schools & EnviroLogix, Inc",Image,21,0,0,None
Carl Blue Clemson,339,6yr ‚Ä¢ 6 years ago,B.S. Technology Management is a ATMAE accredited degree program with concentrations in: - Information and Communication Technology - Industrial Management - Precision Manufacturing- Electro-Mechanical Systems https://lnkd.in/dD4yvyzhashtag#communication hashtag#manufacturing hashtag#accreditation hashtag#itmanagement hashtag#industrialization,Image,7,0,0,None
Carl Blue Clemson,339,6yr ‚Ä¢ 7 years ago,"Hackathon Today! University of Southern Maine, Dept. of Technology, Gorham",Image,35,2 comments,1 repost,None
Carl Blue Clemson,339,6yr ‚Ä¢ 7 years ago,Data Science,Image,1,0,0,None
Carl Blue Clemson,339,6yr ‚Ä¢ 7 years ago,"includes ""a world-class science, technology, engineering and math center""",Image,2,0,1 repost,None
Carl Blue Clemson,339,6yr ‚Ä¢ Edited ‚Ä¢ 7 years ago,hAcKaThOn 2018https://lnkd.in/d9nyvsM,Image,6,2 comments,1 repost,None
Carl Blue Clemson,339,6yr ‚Ä¢ Edited ‚Ä¢ 7 years ago,"The University of Southern Maine seeks applicants for the tenure-track position of Assistant Professor of Cyber Security and to teach a three-three course-load that serves the students enrolled in the Bachelor of Science in Cyber Security (BSCS) in the Department of Technology (DOT); and assist in the development and delivery of an online Master Degree in Cyber Security in collaboration with the Department of Computer Science.  The position is a 9-month appointment, and the salary is competitive and commensurate with qualifications and experience. hashtag#computersecurity hashtag#collegesanduniversities hashtag#ethicalhacking hashtag#graduateschoolsandstudents",Article,3,0,1 repost,https://usm.hiretouch.com/job-details?jobID=50671&job=assistant-professor-of-cybersecurity
Carl Blue Clemson,339,6yr ‚Ä¢ 7 years ago,Registration information posted soon!,Image,13,0,4 reposts,None
Carl Blue Clemson,339,6yr ‚Ä¢ 7 years ago,"The University of Southern Maine seeks applicants for a tenure-track faculty member for the Department of Technology with expertise in Information Technology to primarily teach a three - three course-load in subjects appropriate for Information Technology majors, with additional opportunities to teach corresponding/cross-listed courses in Technology Management, and Cyber Security. hashtag#informationtechnology hashtag#itmanagement hashtag#collegesanduniversities",Article,10,0,1 repost,https://usm.hiretouch.com/job-details?jobID=50633&job=assistant-professor-of-information-technology
Carl Blue Clemson,339,6yr ‚Ä¢ 7 years ago,Fall 2018 Events in the Dept. of Technology,Image,9,0,1 repost,None
Carl Blue Clemson,339,6yr ‚Ä¢ 7 years ago,,Image,5,4 comments,0,None
Carl Blue Clemson,339,6yr ‚Ä¢ 7 years ago,,Article,1,0,0,https://www.linkedin.com/pulse/college-required-gains-steam-wifi-really-can-more-top-rundown-us-
Carl Blue Clemson,339,6yr ‚Ä¢ 7 years ago,,Article,,0,0,https://youtu.be/X9yojxKs_Gc
Carl Blue Clemson,339,6yr ‚Ä¢ 7 years ago,,Article,,0,0,https://www.pressherald.com/2018/08/06/report-projects-near-zero-net-job-growth-in-maine/
Carl Blue Clemson,339,6yr ‚Ä¢ 7 years ago,Researchers from the NC State College of Agriculture and Life Sciences are studying cities to predict the effects of climate change. #ThinkAndDo,Article,2,0,0,http://thinkand.do/qQwSqy
Carl Blue Clemson,339,6yr ‚Ä¢ 7 years ago,"2018 Summer Interns return to Preble Street Kitchen to donate some time to community service on Systems Engineerings' behalf.  (L-R: Chris, Jay, Donovan, Adam, and Brennan).",Image,,0,0,None
Carl Blue Clemson,339,6yr ‚Ä¢ 7 years ago,New T-shirt for Fall 2018,Image,12,4 comments,0,None
Carl Blue Clemson,339,6yr ‚Ä¢ 7 years ago,,Article,2,0,0,https://www.linkedin.com/pulse/lecturer-position-usm-dept-tech-mark-monnin
Carl Blue Clemson,339,6yr ‚Ä¢ 7 years ago,Expanding my skill set.,Image,12,0,0,None
Carl Blue Clemson,339,6yr ‚Ä¢ 7 years ago,Expanding my skill set.,Image,26,5 comments,0,None
Carl Blue Clemson,339,6yr ‚Ä¢ Edited ‚Ä¢ 7 years ago,A new study finds that community college students who take an introductory course with an adjunct professor are less likely to take subsequent courses in the same discipline than students who took the intro course with a full-time professor.,Article,,0,0,https://www.insidehighered.com/blogs/confessions-community-college-dean/intro-course
Carl Blue Clemson,339,6yr ‚Ä¢ 7 years ago,,Article,2,0,0,https://www.pbs.org/newshour/education/decades-pushing-bachelors-degrees-u-s-needs-tradespeople
Carl Blue Clemson,339,6yr ‚Ä¢ 7 years ago,,Article,2,0,1 repost,https://www.pbs.org/newshour/education/states-want-career-technical-training-struggle-find-teachers
Carl Blue Clemson,339,6yr ‚Ä¢ 7 years ago,"I am looking for part time instructors for the Fall 2018 to teach several tech courses. One is in Introductory Web Development, the other is a software survey course in Communication Technology. Both are taught in state-of-the-art Apple labs with the¬† latest Adobe CC software. We'll be posting a position for Technical Writing, and advance IT courses in the coming week. Please visit the USM's hiretouch website for more information. https://lnkd.in/dPikEEihttps://lnkd.in/dJq9qiu#webdevelopment #communication #software #technicalwriting #instructorshttps://lnkd.in/dUdYatN",Article,5,1 comment,0,https://usm.hiretouch.com/view-all-jobs
Carl Blue Clemson,339,7yr ‚Ä¢ 7 years ago,George RedHawk is a legally blind artist who‚Äôs medium is animated gifs and his work is truly stunning.,Video,1,0,0,None
Carl Blue Clemson,339,7yr ‚Ä¢ Edited ‚Ä¢ 7 years ago,A forward thinking university...https://lnkd.in/dgfHzQM,Unknown,,0,0,None
Carl Blue Clemson,339,7yr ‚Ä¢ 7 years ago,,Image,,0,0,None
Carl Blue Clemson,339,7yr ‚Ä¢ 7 years ago,,Article,,0,0,http://www.businessinsider.com/the-internet-is-controlled-by-14-people-2014-3
Carl Blue Clemson,339,7yr ‚Ä¢ 7 years ago,What were they thinking?,Video,,0,0,None
Carl Blue Clemson,339,7yr ‚Ä¢ 7 years ago,,Article,,0,0,https://www.chronicle.com/article/What-s-Wrong-With-Writing/242414
Carl Blue Clemson,339,7yr ‚Ä¢ 7 years ago,"USM 2018 Job Fair | March 1, 2018 | 11:00 AM - 4:00 PMSullivan Gym, Portland Campus |¬†Learn More at https://lnkd.in/d_DNWkeEmployer registration is open!",Image,,0,0,None
Carl Blue Clemson,339,7yr ‚Ä¢ 7 years ago,,Article,,0,0,https://www.theatlantic.com/technology/archive/2018/01/spectre-meltdown-cybersecurity/551147/
Carl Blue Clemson,339,7yr ‚Ä¢ 7 years ago,,Article,,0,0,https://www.theatlantic.com/education/archive/2018/01/why-arent-college-students-using-career-services/551051/
Carl Blue Clemson,339,7yr ‚Ä¢ 7 years ago,"Meet AppState student Andrew Smith, recreation management/spanish major and recipient of one of Lowe's Home Improvement's Carl Buchan scholarships!",Article,,0,0,https://www.youtube.com/watch?v=SnVSR_DcGVg
Carl Blue Clemson,339,7yr ‚Ä¢ 7 years ago,,Article,,0,0,https://christielindor.blogspot.co.at/2017/10/people-do-not-quit-companies-managers.html?utm_content=buffer3de41&utm_medium=social&utm_source=linkedin.com&utm_campaign=buffer
Carl Blue Clemson,339,7yr ‚Ä¢ 7 years ago,,Article,,0,0,http://www.forbes.com/sites/mikemyatt/2012/12/13/10-reasons-your-top-talent-will-leave-you/
Carl Blue Clemson,339,7yr ‚Ä¢ 8 years ago,,Article,,1 comment,0,http://whattheythink.com/articles/87467-what-graphic-communications-students-need-know/
Carl Blue Clemson,339,7yr ‚Ä¢ Edited ‚Ä¢ 8 years ago,"When the revenue stream means more than a promise of quality assurance, the product fails...The government spends billions to help send low-income students to college. Only half are graduatinghttps://lnkd.in/eRk5Fdy",Unknown,,0,0,None
Carl Blue Clemson,339,7yr ‚Ä¢ Edited ‚Ä¢ 8 years ago,"The CEO of GitHub, which caters to coders, thinks automation will bring an end to traditional software programminghttps://lnkd.in/es5gDJr",Unknown,,0,0,None
Carl Blue Clemson,339,7yr ‚Ä¢ 8 years ago,Is neglect by upper administration/ co-workers a form of workplace harassment? Research says yes...https://lnkd.in/enYiuhw,Unknown,,0,0,None
Carl Blue Clemson,339,7yr ‚Ä¢ 8 years ago,From skillprogramming.com,Image,2,0,0,None
Carl Blue Clemson,339,7yr ‚Ä¢ 8 years ago,"Good advice, one change, if a paper resume, use QR codes vs. URLs which are better for electronic resumes.",Article,2,0,0,https://buff.ly/2wZkLEI
Carl Blue Clemson,339,7yr ‚Ä¢ 8 years ago,,Article,2,0,0,https://www.wired.com/2017/02/programming-is-the-new-blue-collar-job/?mbid=social_fb
Carl Blue Clemson,339,7yr ‚Ä¢ 8 years ago,,Article,2,0,1 repost,https://www.wired.com/story/its-time-to-think-beyond-cloud-computing?mbid=social_fb
Carl Blue Clemson,339,7yr ‚Ä¢ 8 years ago,,Article,,0,0,http://www.falloutcascadia.com/jointheteam
Carl Blue Clemson,339,7yr ‚Ä¢ 8 years ago,"Cybersecurity startups are hot, and investors are taking notice.",Article,1,0,0,http://www.businessinsider.com/cybersecurity-startups-are-hot-and-investors-are-taking-notice-2017-7?utm_content=buffer628d5&utm_medium=social&utm_source=facebook.com&utm_campaign=buffer-ti
Carl Blue Clemson,339,7yr ‚Ä¢ 8 years ago,,Article,,0,0,http://www.forbes.com/sites/carolinebeaton/2016/05/12/millennials-this-is-why-you-havent-been-promoted/#b89edc729a70
Carl Blue Clemson,339,7yr ‚Ä¢ 8 years ago,,Article,,0,0,https://www.wired.com/2017/07/protect-digital-self?mbid=social_fb
Carl Blue Clemson,339,7yr ‚Ä¢ 8 years ago,The Petya ransomware is demanding $300 in bitcoin to regain access.,Article,,0,0,http://cnet.co/2sXDThV
Carl Blue Clemson,339,7yr ‚Ä¢ 8 years ago,Another ransomware attack...#Petrwrap,Article,2,0,0,https://www-theverge-com.cdn.ampproject.org/c/s/www.theverge.com/platform/amp/2017/6/27/15879480/petrwrap-virus-ukraine-ransomware-attack-europe-wannacry
Carl Blue Clemson,339,7yr ‚Ä¢ 8 years ago,,Article,,0,0,https://www.linkedin.com/pulse/india-sector-job-cuts-infosys-admits-firing-11000-employees-ahmar
Carl Blue Clemson,339,7yr ‚Ä¢ Edited ‚Ä¢ 8 years ago,"NSF Poster Presentation @ASEE, Columbus, OH 2017USM STEM Scholarshttps://lnkd.in/d6jjkDN",Image,23,1 comment,1 repost,None
Carl Blue Clemson,339,7yr ‚Ä¢ 8 years ago,"In Improving Outcomes, Institutional Researchers Can Be an Untapped Resource - The Chronicle of Higher Education",Article,,0,0,http://www.chronicle.com/article/In-Improving-Outcomes/240394
Carl Blue Clemson,339,7yr ‚Ä¢ 8 years ago,,Article,,0,0,http://www.businessinsider.com/where-you-go-to-college-doesnt-matter-2017-5?utm_content=buffer0a62d&utm_medium=social&utm_source=facebook.com&utm_campaign=buffer-ti
Carl Blue Clemson,339,7yr ‚Ä¢ 8 years ago,,Article,,0,0,https://www.insidehighered.com/news/2017/05/16/some-universities-move-open-international-high-schools-their-campuses
Carl Blue Clemson,339,7yr ‚Ä¢ 8 years ago,This goes for  administrators too.,Image,1,0,0,None
Carl Blue Clemson,339,7yr ‚Ä¢ 8 years ago,"Greetings, All! If anyone of my LinkedIn connections is looking for a job in the printing business, please contact me. I just found out about a position in the Charlotte area. I will send you the contact name and telephone number. Use the LinkedIn Messaging system to contact me. Best regards! John",Unknown,,0,0,None
Carl Blue Clemson,339,7yr ‚Ä¢ 8 years ago,Gen X'ers The Nomads,Article,,0,0,https://www.forbes.com/sites/johnmauldin/2016/06/24/millennials-are-doomed-to-face-an-existential-crisis-that-will-define-the-rest-of-their-lives/2/#46fcf1ae6ea5
Carl Blue Clemson,339,7yr ‚Ä¢ 8 years ago,WW!,Article,2,0,0,http://cnet.co/2rtrMIN
Carl Blue Clemson,339,7yr ‚Ä¢ 8 years ago,"As hurricane season kicks off, researchers from the NC State College of Sciences predict a ""normal"" season for the East Coast, calling for 11-15 storms.",Article,,0,0,http://thinkand.do/8sTQkC
Carl Blue Clemson,339,7yr ‚Ä¢ 8 years ago,,Article,,0,0,https://www.linkedin.com/pulse/internet-trends-2017-mary-meeker
Carl Blue Clemson,339,7yr ‚Ä¢ 8 years ago,,Article,1,0,0,http://www.businessinsider.com/where-you-go-to-college-doesnt-matter-2017-5?utm_content=buffer0a62d&utm_medium=social&utm_source=facebook.com&utm_campaign=buffer-ti
Carl Blue Clemson,339,7yr ‚Ä¢ 8 years ago,Some schools will probably close...Reported details of Trump budget include big cuts to financial aid,Article,,0,0,https://www.insidehighered.com/news/2017/05/19/reported-details-trump-budget-include-big-cuts-financial-aid?utm_content=buffere86f9&utm_medium=social&utm_source=facebook&utm_campaign=IHEbuffer
Carl Blue Clemson,339,7yr ‚Ä¢ 8 years ago,Borrowed and like it :),Article,3,0,0,https://www.linkedin.com/pulse/prepare-win-fight-travis-n
Carl Blue Clemson,339,7yr ‚Ä¢ 8 years ago,Big thanks to our great friend Mike Rowe for his comments about Career and Technical Education and  SkillsUSA during his Congressional testimony before the House Committee on Education and the Workforce a few weeks ago.  Short clip of Mike's testimony here...,Article,,0,0,https://www.youtube.com/watch?v=75WleHIGUC0&t=56s
Carl Blue Clemson,339,7yr ‚Ä¢ 8 years ago,What To Do With A Millennial Employee That's Bored At Work | Forbes Mobile,Article,,0,0,https://m.forbes.com/sites/kaytiezimmerman/2016/11/13/what-to-do-with-a-millennial-employee-that-is-bored-at-work/?c=0&s=IfIOnlyKnew
Carl Blue Clemson,339,7yr ‚Ä¢ 8 years ago,"Beginning of the end of the regional colleges.   Purdue Buys Kaplan University, Will Create New Nonprofit Chain",Article,,0,0,https://www.insidehighered.com/quicktakes/2017/04/27/purdue-buys-kaplan-university-will-create-new-nonprofit-chain?utm_content=buffer36e52&utm_medium=social&utm_source=facebook&utm_campaign=IHEbuffer
Carl Blue Clemson,339,7yr ‚Ä¢ 8 years ago,,Article,1,0,0,https://www.linkedin.com/pulse/eight-emerging-technology-jobs-going-explode-year-james-milligan
Carl Blue Clemson,339,7yr ‚Ä¢ 8 years ago,"USM to celebrate 137th Commencement Ceremony on May 13, pre-commencement ceremonies begin May 1. More: http://ow.ly/kzzU30bgLIL",Image,,0,0,None
Carl Blue Clemson,339,7yr ‚Ä¢ 8 years ago,"Purdue U. Buys Mega For-Profit Kaplan U., Plans to Turn It Into a ‚ÄòPublic University‚Äô ‚Äì The Ticker - Blogs - The Chronicle of Higher Education",Article,,0,0,http://www.chronicle.com/blogs/ticker/purdue-u-is-expected-to-buy-mega-for-profit-kaplan-u-turn-it-into-a-public-university/118020
Carl Blue Clemson,339,7yr ‚Ä¢ 8 years ago,I've been stating this for years... Student Course Evaluations Get An 'F' : NPR Ed : NPR,Article,,0,0,http://www.npr.org/sections/ed/2014/09/26/345515451/student-course-evaluations-get-an-f
Carl Blue Clemson,339,7yr ‚Ä¢ 8 years ago,"https://lnkd.in/eS6v2q4Love this for 2 reasons.  1.  I also share meal or minimum a coffee prior to hiring to see how potential new hire interacts with server, carries conversation, etc...  but more importantly, I love this for the 2nd point - recognizing the "" invisible"" people we come across routinely...",Article,,0,0,http://www.theblaze.com/news/2016/02/22/charles-schwab-ceo-reveals-how-he-tests-job-candidates-by-taking-them-to-breakfast-having-restaurant-mess-up-their-order/
Carl Blue Clemson,339,7yr ‚Ä¢ 8 years ago,,Article,,0,0,https://www.linkedin.com/pulse/how-zuckerberg-plans-exterminate-smartphone-anurag-harsh
Carl Blue Clemson,339,7yr ‚Ä¢ 8 years ago,,Article,,0,0,https://www.linkedin.com/pulse/different-approach-education-how-japanese-do-ammara-habib
Carl Blue Clemson,339,7yr ‚Ä¢ 8 years ago,"Great crowd at USM Corporate Partners last night! Thanks to panelists Sean Sullivan from the @MaineBrewersGuild and Luci Benedict, Director USM's Quality Control Collaboratory! This is a great partnership in service to Maine's craft beer industry.",Image,3,0,0,None
Carl Blue Clemson,339,7yr ‚Ä¢ 8 years ago,,Article,,0,0,https://www.technologyreview.com/s/604026/the-algorithm-expanding-the-science-of-color/
Carl Blue Clemson,339,7yr ‚Ä¢ 8 years ago,,Article,,0,0,https://www.forbes.com/sites/vmware/2017/03/29/work-digital-whats-your-digital-workspace-ranking/?sr_source=lift_facebook&nowelcome&utm_source=facebook&utm_medium=referral&utm_campaign=vmware#3d617fd06141
Carl Blue Clemson,339,7yr ‚Ä¢ 8 years ago,,Article,,0,0,https://www.washingtonpost.com/opinions/why-stem-wont-make-us-successful/2015/03/26/5f4604f2-d2a5-11e4-ab77-9646eea6a4c7_story.html?tid=ss_fb&utm_term=.b3c17a957f3d
Carl Blue Clemson,339,7yr ‚Ä¢ 8 years ago,,Article,2,0,0,http://www.businessinsider.com/best-job-skills-for-resume-2016-6/?utm_content=buffer81662&utm_medium=social&utm_source=facebook.com&utm_campaign=buffer-ti/#1-adobe-photoshop-1
Carl Blue Clemson,339,8yr ‚Ä¢ 8 years ago,Pho' real,Article,,0,0,https://www.linkedin.com/pulse/she-real-lucien-engelen
Carl Blue Clemson,339,8yr ‚Ä¢ 8 years ago,,Article,1,0,0,https://www.forbes.com/sites/carolinebeaton/2016/05/12/millennials-this-is-why-you-havent-been-promoted/#51d35d4c29a7
Carl Blue Clemson,339,8yr ‚Ä¢ 8 years ago,,Article,,0,0,https://www.linkedin.com/pulse/some-things-i-wish-would-have-learned-college-ben-carlson-cfa
Carl Blue Clemson,339,8yr ‚Ä¢ 8 years ago,Statistics suggest many unemployed men have dropped out of the workforce to play video games. I would add... 'and college.',Article,,0,0,http://www.businessinsider.com/statistics-unemployed-men-drop-out-workforce-video-games-2017-3?utm_content=bufferbfe56&utm_medium=social&utm_source=facebook.com&utm_campaign=buffer-ti
Carl Blue Clemson,339,8yr ‚Ä¢ 8 years ago,The robots sent into Fukushima keep dying,Article,,0,0,http://buff.ly/2mg778m
Carl Blue Clemson,339,8yr ‚Ä¢ 8 years ago,Mostly Human: New series explores humanity through tech,Article,,0,0,http://www.cnn.com/videos/cnnmoney/2017/02/24/mostly-human-trailer.cnn
Carl Blue Clemson,339,8yr ‚Ä¢ 8 years ago,,Article,1,0,0,https://www.wired.com/2017/03/worried-cia-hacked-samsung-tv-heres-tell/?mbid=social_fb
Carl Blue Clemson,339,8yr ‚Ä¢ 8 years ago,Check this out! Great opportunity to wipe away your college debit,Article,,0,0,http://www.pressherald.com/2017/02/21/foundation-will-pay-college-debt-of-those-who-commit-to-maine-based-companies/
Carl Blue Clemson,339,8yr ‚Ä¢ 8 years ago,"""Though it's ironic, Cuban believes technology will eventually kill tech jobs themselves. 'There are no manufacturing jobs coming back. There are no coal mining jobs coming back,' Cuban said. He thinks software development jobs are next on the chopping block.""",Article,1,0,0,http://www.inc.com/betsy-mikel/mark-cuban-says-this-will-soon-be-the-most-sought-after-job-skill.html
Carl Blue Clemson,339,8yr ‚Ä¢ 8 years ago,Why the US needs to keep Shop Class and other skilled trades in High School | Tobey Strauch | LinkedIn,Article,1,0,0,https://www.linkedin.com/pulse/why-us-needs-keep-shop-class-other-skilled-trades-high-tobey-strauch
Carl Blue Clemson,339,8yr ‚Ä¢ 8 years ago,It's hard to make a business model work if your largest clientele is probably still in middle school.,Article,,0,0,http://www.businessinsider.com/instagram-stories-versus-snapchat-2017-2?utm_content=buffera81da&utm_medium=social&utm_source=facebook.com&utm_campaign=buffer-ti
Carl Blue Clemson,339,8yr ‚Ä¢ 8 years ago,Elon Musk‚Äôs former tech guru: What hackers are doing now is ‚Äòfreaking me out',Article,,0,0,https://www.businessinsider.com/elon-musks-former-tech-guru-what-hackers-are-doing-now-is-freaking-me-out-2017-2
Carl Blue Clemson,339,8yr ‚Ä¢ 8 years ago,,Article,,0,0,http://thehill.com/policy/cybersecurity/320265-former-house-intel-chair-us-is-not-necessarily-winning-the-cyberwar
Carl Blue Clemson,339,8yr ‚Ä¢ 8 years ago,,Article,1,0,0,http://www3.forbes.com/leadership/17-college-majors-that-report-higher-underemployment/?utm_campaign=17-college-majors-that-report-higher-underemployment-mlb&utm_source=FacebookTest1&utm_medium=referral&utm_content=3&kwp_0=182711&kwp_4=743779&kwp_1=374579
Carl Blue Clemson,339,8yr ‚Ä¢ 8 years ago,"America needs more ""shop"" hands-on technology programs in public schools.",Image,11,1 comment,0,None
Carl Blue Clemson,339,8yr ‚Ä¢ 8 years ago,,Article,,0,0,https://www.linkedin.com/pulse/all-over-twitter-mark-hillary
Carl Blue Clemson,339,8yr ‚Ä¢ 8 years ago,XBOX 360 ISO &  PSP ISO forums hacked. Good news? Hacks are old. Bad news? People are just finding out about the breaches http://bit.ly/2kWcjMG,Article,,0,0,http://bit.ly/2kWcjMG
Carl Blue Clemson,339,8yr ‚Ä¢ 8 years ago,,Article,,0,0,http://www.recode.net/2017/2/1/14476500/facebook-oculus-zenimax-lawsuit-500-million
Carl Blue Clemson,339,8yr ‚Ä¢ 8 years ago,"From this webcast, you'll learn how to transform your data into a useful visualization that in turn, makes your dashboard valuable.",Article,1,0,0,https://www.microstrategy.com/us/go/webcast-7-visualizations-youre-not-using-enough?CID=70144000001ETqc&as_clid=608dd95f-264e-48d8-e738-56a8d04ec747
Carl Blue Clemson,339,8yr ‚Ä¢ 8 years ago,,Article,,0,0,https://www.cnet.com/news/2-5-million-xbox-and-playstation-gamers-details-hacked/#ftag=CAD-11-10aab8j
Carl Blue Clemson,339,8yr ‚Ä¢ 8 years ago,"This, in 2017, might be one innovative way to contain the damage due to inevitable Cyber Attack‚Ä¶",Image,10,0,0,None
Carl Blue Clemson,339,8yr ‚Ä¢ 8 years ago,Your old iPhone can still be really useful.,Article,,0,0,http://cnet.co/2jmQ0OQ
Carl Blue Clemson,339,8yr ‚Ä¢ 8 years ago,,Article,4,0,0,https://www.youtube.com/watch?v=hER0Qp6QJNU&feature=share
Carl Blue Clemson,339,8yr ‚Ä¢ 8 years ago,‚ÄúIDEXX is proud to add a Maine-based company to the S&P 500. I am deeply grateful to all of our employees who contributed to helping us achieve this accomplishment.‚Äù - Jonathan Ayers,Article,5,0,0,http://www.pressherald.com/2017/01/04/idexx-to-join-sp-500-index/
Carl Blue Clemson,339,8yr ‚Ä¢ 8 years ago,Cybersecurity Tips for the Break Room and Boardroom http://bit.ly/2ifVwDi,Article,,0,0,http://bit.ly/2ifVwDi
Carl Blue Clemson,339,8yr ‚Ä¢ 8 years ago,,Article,,0,0,http://whattheythink.com/articles/83534-closing-out-2016-color-inspiration/
Carl Blue Clemson,339,8yr ‚Ä¢ 8 years ago,,Article,,0,0,https://www.linkedin.com/pulse/our-lives-soon-violate-laws-physics-robert-c-wolcott
Carl Blue Clemson,339,8yr ‚Ä¢ 8 years ago,"Security threats are no longer an IT issue. As a business owner, you need to be aware of the latest threats that can bring your company to its knee http://on.inc.com/2iM5Kfq",Article,,0,0,http://on.inc.com/2iM5Kfq
Carl Blue Clemson,339,8yr ‚Ä¢ 8 years ago,,Article,,0,0,http://www.prweb.com/releases/HussonUniversity/HussonStockIndex/prweb13948969.htm
Carl Blue Clemson,339,8yr ‚Ä¢ 8 years ago,Happy new year !,Image,1,0,0,None
Carl Blue Clemson,339,8yr ‚Ä¢ 8 years ago,,Article,,0,0,http://www.businessinsider.com/humans-first-major-shift-evolution-over-billion-years-caleb-scharf-2016-12
Carl Blue Clemson,339,8yr ‚Ä¢ 8 years ago,,Article,1,0,0,https://www.linkedin.com/pulse/real-education-vs-educational-fundamentalism-abhijit-naskar
Carl Blue Clemson,339,8yr ‚Ä¢ 8 years ago,"If it's cheaper, administrators would buy into it.",Article,,0,0,https://www.linkedin.com/pulse/can-ai-replace-teachers-classroom-abhijit-bhaduri
Carl Blue Clemson,339,8yr ‚Ä¢ 8 years ago,,Article,,0,0,https://www.linkedin.com/pulse/why-dont-people-like-project-management-bill-wray
Carl Blue Clemson,339,8yr ‚Ä¢ 8 years ago,My suspicions have been confirmed since relocating to NE.,Image,1,0,0,None
Carl Blue Clemson,339,8yr ‚Ä¢ 8 years ago,,Article,,0,0,https://www.linkedin.com/pulse/i-left-duke-deal-my-mental-health-now-im-allowed-back-jack-donahue
Carl Blue Clemson,339,8yr ‚Ä¢ 9 years ago,"If you believe you can achieve a goal then you will. Here is the proof. Haben Girma, First Deaf-Blind Student to Graduate from Harvard Law School. She is now working as attorney at Disability Rights Advocates. She is fighting for accessible education for other deaf-blind people worldwide. Her message for the many with disabilities is ‚ÄúYou have the power to influence your future. Keep learning, keep developing new ways to engage with the world, and keep believing that you have talents to share with the world.",Image,,0,0,None
Carl Blue Clemson,339,8yr ‚Ä¢ 9 years ago,,Article,2,0,0,https://www.linkedin.com/pulse/care-school-michael-mcknight
Carl Blue Clemson,339,8yr ‚Ä¢ 9 years ago,This is the article I was telling you about.Carl B.,Article,,0,0,https://www.linkedin.com/pulse/why-we-dont-need-more-lobsters-rachel-smyth
Carl Blue Clemson,339,8yr ‚Ä¢ 9 years ago,,Article,1,0,0,https://www.wired.com/2016/12/obama-cybersecurity-plan/
Carl Blue Clemson,339,8yr ‚Ä¢ 9 years ago,,Article,,0,0,https://www.linkedin.com/pulse/stem-science-technology-engineering-maths-sinead-cullen
Carl Blue Clemson,339,8yr ‚Ä¢ 9 years ago,"The Past, Present, and Future of Cybersecurity",Article,,0,0,http://bit.ly/2gVS3gg
Carl Blue Clemson,339,8yr ‚Ä¢ 9 years ago,,Article,,0,0,https://www.linkedin.com/pulse/heres-where-2016-grads-went-work-how-much-got-paid-maya-pope-chappell
Carl Blue Clemson,339,8yr ‚Ä¢ 9 years ago,"Another phone hack hit the news yesterday - just a reminder to make sure you have a solid MDM strategy for your employees. Learn more about the hack, and a list of potentially infected apps: http://hubs.ly/H05p1Rc0",Article,,0,0,http://hubs.ly/H05p1Rc0
Carl Blue Clemson,339,8yr ‚Ä¢ 9 years ago,,Image,3,0,0,None
Carl Blue Clemson,339,8yr ‚Ä¢ 9 years ago,,Article,1,0,0,https://www.linkedin.com/pulse/how-video-games-prepared-me-business-school-didac-hormiga
Carl Blue Clemson,339,8yr ‚Ä¢ 9 years ago,Life after FB equates more Freedom.,Article,,0,0,http://usat.ly/2fy8Nc1
Carl Blue Clemson,339,8yr ‚Ä¢ 9 years ago,From cars to medical devices - 2017 will bring new threats as the IoT expands http://bit.ly/2fRCIfU,Article,1,0,0,http://bit.ly/2fRCIfU
Carl Blue Clemson,339,8yr ‚Ä¢ 9 years ago,,Article,,0,0,https://www.linkedin.com/pulse/google-re-brands-its-apps-work-g-suite-somnath-dutta
Carl Blue Clemson,339,8yr ‚Ä¢ 9 years ago,,Article,,0,0,https://www.linkedin.com/pulse/us-under-sectary-education-ted-mitchell-new-normal-maya-pope-chappell
Carl Blue Clemson,339,8yr ‚Ä¢ 9 years ago,Automation Threatens to Make Graphic Designers Obsoletehttps://lnkd.in/en3enEe,Unknown,1,0,0,None
Carl Blue Clemson,339,8yr ‚Ä¢ 9 years ago,"Retention and fulfillment are as, or more important than access",Article,1,0,0,https://www.linkedin.com/pulse/biggest-crisis-higher-ed-isnt-student-debt-its-students-michael-crow
Carl Blue Clemson,339,8yr ‚Ä¢ 9 years ago,,Article,1,0,0,https://www.linkedin.com/pulse/pearl-harbor-internet-attacks-happened-friday-end-may-terry
Carl Blue Clemson,339,8yr ‚Ä¢ 9 years ago,,Article,,0,0,https://www.insidehighered.com/news/2016/10/18/competency-based-educations-business-model-offers-promise-report-finds
Carl Blue Clemson,339,8yr ‚Ä¢ 9 years ago,,Article,,0,0,https://www.linkedin.com/pulse/how-stop-distributed-denial-service-ddos-why-try-bcp38-coulibaly
Carl Blue Clemson,339,8yr ‚Ä¢ 9 years ago,,Article,1,0,0,https://www.insidehighered.com/news/2011/07/14/new_book_argues_bloated_administration_is_what_ails_higher_education
Carl Blue Clemson,339,8yr ‚Ä¢ 9 years ago,"It's quite an old picture but it does bring home an important point -  merely convincing yourself that you are a customer centric organisation does not make it so,  sometimes the only way to really understand you customer needs is to walk in their footsteps !",Image,1,0,0,None
Carl Blue Clemson,339,8yr ‚Ä¢ 9 years ago,Create an environment that they want to stay.,Image,,0,0,None
